<?xml version="1.0" encoding="utf-8"?>
<LinearLayout xmlns:android="http://schemas.android.com/apk/res/android" xmlns:app="http://schemas.android.com/apk/res-auto" android:orientation="vertical" android:layout_width="wrap_content" android:layout_height="wrap_content">
    <LinearLayout android:gravity="center" android:orientation="horizontal" android:layout_width="wrap_content" android:layout_height="wrap_content">
        <com.mobimento.caponate.util.views.Spinner android:id="@+id/spinnerMes" android:paddingLeft="10dp" android:paddingTop="10dp" android:paddingRight="10dp" android:paddingBottom="10dp" android:layout_width="wrap_content" android:layout_height="wrap_content" app:valuesSource="3"/>
        <com.mobimento.caponate.util.views.Spinner android:id="@+id/spinnerAnyo" android:paddingLeft="10dp" android:paddingTop="10dp" android:paddingRight="10dp" android:paddingBottom="10dp" android:layout_width="wrap_content" android:layout_height="wrap_content" app:bottomLimit="true" app:max="100" app:min="0" app:selectedIndex="2013" app:topLimit="false" app:valuesSource="5"/>
    </LinearLayout>
    <LinearLayout android:gravity="center" android:layout_width="match_parent" android:layout_height="wrap_content">
        <Button android:id="@+id/bOK" android:layout_width="wrap_content" android:layout_height="wrap_content" android:text="@string/OK"/>
        <Button android:id="@+id/bCancel" android:layout_width="wrap_content" android:layout_height="wrap_content" android:text="@string/NO"/>
    </LinearLayout>
</LinearLayout>
